Sex,Single,Unemployed,Age,Credit,LoanDuration,PurposeOfLoan,InstallmentRate,Housing
0.0,0,0,24,3190,18,3,2,1.0
1.0,1,0,35,4380,18,6,3,1.0
1.0,1,0,32,2325,24,6,2,1.0
1.0,0,0,23,1297,12,3,3,2.0
1.0,1,0,35,7253,33,10,3,1.0
1.0,1,0,64,2384,24,3,4,2.0
1.0,1,0,41,2116,6,4,2,1.0
1.0,0,0,20,585,12,3,4,2.0
1.0,1,0,26,3577,9,6,1,2.0
1.0,1,0,27,8613,27,10,2,1.0
1.0,0,0,28,484,6,3,3,1.0
1.0,1,0,34,3965,42,3,4,1.0
0.0,0,0,28,1376,24,3,4,1.0
1.0,1,0,36,7297,60,1,4,2.0
1.0,1,0,42,6288,60,2,4,3.0
1.0,1,0,42,4153,18,4,2,1.0
1.0,1,0,23,3368,15,10,3,2.0
0.0,0,1,65,1098,18,3,4,1.0
0.0,0,0,24,2124,18,4,4,2.0
0.0,0,0,27,3643,15,4,1,1.0
1.0,1,0,35,8858,48,10,2,3.0
1.0,1,0,26,3414,21,2,2,1.0
1.0,1,0,33,6070,18,3,3,1.0
1.0,1,0,42,1503,4,3,2,1.0
1.0,1,0,33,3074,9,3,1,1.0
1.0,1,1,30,1823,24,3,4,1.0
1.0,1,0,24,2323,36,3,4,2.0
1.0,0,0,33,6289,42,1,2,1.0
1.0,1,0,42,10477,36,10,2,3.0
1.0,1,1,38,2859,12,6,4,1.0
1.0,1,0,23,882,13,3,4,1.0
0.0,0,0,44,1881,12,3,2,2.0
1.0,1,0,32,1530,18,6,3,1.0
1.0,0,0,28,1323,6,6,2,1.0
1.0,1,0,36,3079,36,6,4,1.0
1.0,1,0,36,2760,24,10,4,3.0
1.0,1,0,30,2862,36,6,4,3.0
0.0,0,0,52,2133,12,6,4,3.0
1.0,0,0,44,3485,20,6,2,1.0
0.0,0,0,23,6229,36,4,4,2.0
1.0,1,0,31,4473,36,3,4,1.0
0.0,0,0,61,2012,12,2,4,1.0
0.0,0,0,26,3749,24,4,2,1.0
0.0,0,0,33,2831,30,3,4,1.0
1.0,1,0,32,2745,21,4,3,1.0
1.0,0,0,49,1262,12,4,2,1.0
1.0,0,0,55,6872,24,4,2,1.0
0.0,0,0,30,918,9,4,4,1.0
0.0,0,0,26,609,12,1,4,1.0
0.0,0,0,23,601,4,4,1,2.0
0.0,0,0,23,3234,24,4,4,2.0
1.0,1,0,36,6742,30,3,2,1.0
0.0,0,0,55,1603,24,3,4,1.0
1.0,0,0,27,2820,36,6,4,1.0
1.0,1,0,44,1804,12,10,3,1.0
1.0,0,0,36,1913,18,1,3,1.0
1.0,1,0,37,3676,6,6,1,2.0
0.0,0,0,25,1295,12,6,3,2.0
0.0,0,0,23,1200,12,2,4,2.0
1.0,0,0,27,1101,12,6,3,1.0
0.0,0,0,20,4675,12,10,1,2.0
1.0,1,0,57,2225,36,6,4,3.0
1.0,1,0,31,6350,30,4,4,1.0
1.0,1,0,55,1413,12,10,3,1.0
0.0,0,0,23,1275,10,4,4,1.0
1.0,1,0,29,2896,24,3,2,1.0
1.0,1,0,50,2241,21,4,4,1.0
0.0,0,0,27,2389,18,3,4,1.0
0.0,0,0,30,8133,36,10,1,1.0
1.0,1,0,34,2864,18,4,2,1.0
1.0,1,0,32,6078,12,6,2,1.0
1.0,1,0,38,368,6,3,4,1.0
0.0,0,0,58,385,12,3,4,1.0
1.0,1,0,23,1048,10,3,4,1.0
0.0,0,0,44,6419,24,10,2,3.0
1.0,0,0,48,1024,24,3,4,1.0
1.0,1,0,45,2303,24,6,4,1.0
1.0,1,0,24,458,9,3,4,1.0
1.0,1,0,60,2246,12,4,3,1.0
1.0,0,0,33,727,12,3,4,1.0
0.0,0,0,26,1453,18,3,3,1.0
0.0,0,0,29,2171,12,3,2,1.0
1.0,1,0,32,2697,9,3,1,1.0
1.0,0,0,22,1007,12,6,4,1.0
1.0,1,0,32,701,12,2,4,1.0
0.0,0,0,24,626,12,3,4,1.0
1.0,1,0,23,1845,45,3,4,3.0
1.0,1,0,27,14027,60,6,4,1.0
0.0,0,0,25,5771,30,3,4,1.0
0.0,0,0,34,1525,24,6,4,1.0
0.0,0,0,25,1283,22,6,4,2.0
0.0,0,0,29,518,6,3,3,1.0
1.0,1,0,53,7119,48,4,3,3.0
1.0,0,0,24,3021,24,4,2,2.0
1.0,1,0,38,2751,48,10,4,1.0
1.0,0,0,23,660,6,8,2,2.0
1.0,0,0,27,2463,24,6,4,1.0
1.0,1,0,30,2249,18,6,4,1.0
1.0,1,0,25,14421,48,1,2,1.0
0.0,0,0,33,3966,18,6,1,2.0
1.0,1,0,40,3077,30,3,3,1.0
0.0,0,0,29,959,9,4,1,1.0
0.0,0,0,28,745,9,3,3,1.0
1.0,1,0,35,2684,24,3,4,1.0
1.0,1,0,47,1393,12,2,4,1.0
1.0,0,0,32,1880,18,3,4,1.0
0.0,0,0,67,1199,9,2,4,1.0
1.0,1,0,30,3069,24,4,4,3.0
0.0,0,0,25,3972,24,4,2,2.0
1.0,1,0,68,14896,6,6,1,1.0
1.0,0,0,31,2302,36,3,4,2.0
1.0,1,0,47,731,8,6,4,1.0
0.0,0,0,25,1433,15,4,4,2.0
1.0,0,0,62,1338,6,5,1,1.0
0.0,0,0,27,1295,18,4,4,1.0
1.0,1,1,36,1872,6,4,4,3.0
1.0,1,0,36,884,18,6,4,1.0
1.0,1,0,47,2538,24,6,4,1.0
1.0,1,0,25,3105,24,3,4,1.0
1.0,0,0,46,7629,48,1,4,1.0
1.0,1,0,38,2171,12,6,4,1.0
1.0,0,0,21,2779,18,10,1,2.0
1.0,1,0,25,1138,9,3,4,1.0
1.0,1,0,27,1657,12,4,2,1.0
1.0,0,0,61,2767,21,1,4,2.0
1.0,1,0,31,1928,18,4,2,1.0
1.0,1,0,33,2384,36,8,4,2.0
0.0,0,0,41,1244,9,2,4,2.0
1.0,1,0,42,3331,12,4,2,1.0
1.0,1,0,54,1597,24,2,4,3.0
1.0,1,0,32,3863,24,1,1,3.0
1.0,1,0,57,709,12,3,4,1.0
1.0,1,0,37,802,15,3,4,1.0
0.0,0,0,31,1736,12,4,3,1.0
1.0,1,0,41,662,6,6,3,1.0
1.0,1,0,26,783,6,6,1,1.0
0.0,0,0,25,1835,21,3,3,1.0
0.0,0,0,39,932,6,9,1,1.0
1.0,1,0,36,1374,6,4,1,1.0
1.0,1,0,51,1164,8,7,3,3.0
0.0,0,0,58,6143,48,10,4,3.0
1.0,1,0,35,1204,6,6,4,2.0
0.0,0,0,24,433,6,2,4,2.0
1.0,1,0,50,1574,12,4,4,1.0
1.0,1,0,34,5800,36,10,3,1.0
1.0,1,0,31,3161,24,1,4,2.0
1.0,0,0,26,907,8,1,3,1.0
0.0,0,0,35,3447,12,9,4,1.0
1.0,1,0,41,2712,36,4,2,1.0
1.0,0,0,32,1938,24,3,4,1.0
1.0,0,0,33,1851,24,3,4,1.0
1.0,1,0,38,3512,24,6,2,1.0
1.0,1,0,42,2427,18,1,4,1.0
0.0,0,1,55,1190,18,8,2,3.0
1.0,1,0,31,1546,10,6,3,1.0
0.0,0,0,34,3017,12,4,3,2.0
1.0,0,0,22,276,9,6,4,2.0
0.0,0,1,38,926,12,6,1,1.0
1.0,0,0,27,1391,9,1,2,1.0
1.0,0,0,43,4057,24,4,3,1.0
0.0,0,0,32,931,6,6,1,1.0
0.0,0,0,31,2901,10,10,1,2.0
1.0,1,0,40,684,12,2,4,2.0
1.0,1,0,50,7476,48,2,4,3.0
0.0,0,0,20,2221,15,4,2,2.0
1.0,1,0,43,4843,12,6,3,2.0
1.0,1,0,43,2515,18,4,3,1.0
1.0,1,0,31,3651,12,6,1,1.0
1.0,1,0,29,1494,4,6,1,1.0
1.0,1,1,40,5381,48,7,3,3.0
1.0,1,0,37,3399,12,3,2,1.0
1.0,1,0,44,1478,15,4,4,1.0
1.0,0,0,31,1449,6,1,1,1.0
1.0,1,0,48,1743,24,3,4,1.0
1.0,1,0,52,3077,12,3,2,1.0
1.0,0,0,21,1766,6,4,1,2.0
1.0,1,0,24,2030,9,4,2,1.0
0.0,0,1,57,1154,11,3,4,1.0
0.0,0,0,24,4272,20,4,1,1.0
1.0,0,0,24,5595,72,3,2,1.0
1.0,1,0,39,2122,12,6,3,2.0
1.0,1,0,27,4139,24,1,3,1.0
1.0,1,0,36,846,7,3,3,3.0
0.0,0,0,31,1532,15,2,4,1.0
1.0,1,0,35,3976,21,4,2,1.0
1.0,1,0,66,766,12,3,4,1.0
1.0,1,0,23,1246,24,6,4,1.0
1.0,1,0,36,1542,12,1,2,1.0
1.0,1,0,31,929,24,4,4,1.0
1.0,1,0,33,3029,15,10,2,1.0
1.0,0,0,43,1533,18,4,4,1.0
1.0,1,0,38,6681,48,1,4,3.0
1.0,1,0,41,888,12,6,4,1.0
1.0,0,0,40,4297,18,4,4,1.0
1.0,1,0,66,1908,30,1,4,1.0
1.0,0,0,26,3235,24,3,3,1.0
0.0,0,0,24,7408,60,6,4,1.0
1.0,0,0,21,6568,24,1,2,1.0
0.0,0,0,22,3632,24,10,1,2.0
1.0,1,0,39,9436,54,10,2,1.0
1.0,1,0,63,6836,60,1,3,1.0
1.0,0,0,33,2319,21,2,2,2.0
1.0,1,0,50,1236,6,10,2,2.0
0.0,0,0,29,5003,21,6,1,1.0
0.0,0,0,21,886,12,3,4,1.0
0.0,0,0,23,1442,24,6,4,2.0
1.0,1,0,32,2978,6,4,1,1.0
1.0,0,1,33,2359,24,4,1,1.0
1.0,0,0,20,2996,24,4,2,1.0
1.0,0,0,35,3780,18,4,3,1.0
1.0,1,0,48,5190,27,8,4,1.0
0.0,0,0,30,4795,36,3,4,1.0
1.0,1,0,46,697,12,6,4,1.0
1.0,1,0,36,4165,18,1,2,1.0
1.0,1,1,22,3973,14,6,1,3.0
0.0,0,0,30,1864,18,2,4,1.0
0.0,0,0,50,1047,6,2,2,1.0
0.0,0,1,22,433,18,3,3,2.0
1.0,0,0,27,3711,36,2,2,1.0
0.0,0,0,25,1206,9,3,4,1.0
1.0,0,0,33,1543,6,4,4,1.0
0.0,0,0,37,3380,4,6,1,1.0
0.0,0,0,57,1258,24,3,3,1.0
0.0,0,0,28,2073,12,3,4,1.0
0.0,0,0,28,2606,21,3,4,2.0
1.0,1,0,49,2096,12,2,2,1.0
1.0,1,0,61,1255,12,6,4,1.0
0.0,0,0,23,1236,9,5,1,2.0
1.0,1,0,36,1278,24,3,4,1.0
0.0,0,1,75,1374,6,6,4,1.0
1.0,1,0,37,3949,10,6,1,1.0
1.0,1,0,50,2390,12,6,4,1.0
1.0,1,0,26,1201,24,6,4,1.0
0.0,0,0,24,2788,15,4,2,1.0
1.0,1,0,57,1264,12,1,4,2.0
1.0,1,0,27,4020,24,4,2,1.0
1.0,1,0,51,2507,9,6,2,3.0
1.0,1,0,35,2397,24,3,3,1.0
1.0,1,0,36,3915,27,1,4,1.0
0.0,0,0,24,11590,48,10,2,2.0
1.0,1,0,45,7882,42,4,2,3.0
1.0,1,0,38,1495,12,6,4,1.0
1.0,1,0,54,2255,24,6,4,1.0
1.0,1,0,35,1549,9,6,4,1.0
0.0,0,0,24,4811,30,10,2,2.0
1.0,0,0,35,1410,14,1,1,1.0
1.0,1,0,74,3448,5,1,1,1.0
1.0,1,0,51,4771,11,3,2,1.0
1.0,1,0,52,2315,10,3,3,1.0
1.0,1,0,26,4788,48,10,4,1.0
0.0,0,0,24,1568,18,1,3,2.0
1.0,1,0,34,1569,15,3,4,1.0
1.0,1,0,27,5998,40,2,4,1.0
1.0,1,0,29,1169,18,3,4,1.0
1.0,0,0,46,1223,12,6,1,2.0
1.0,1,0,28,2659,18,4,4,1.0
1.0,1,0,36,700,6,3,4,3.0
1.0,1,0,32,2848,10,10,1,1.0
0.0,0,0,22,1366,9,3,3,2.0
1.0,1,0,35,9055,36,2,2,3.0
1.0,1,0,21,1987,24,3,2,2.0
1.0,1,0,63,2924,24,10,3,1.0
1.0,1,0,34,2622,18,1,4,1.0
1.0,1,0,36,6304,36,1,4,1.0
1.0,1,0,26,4463,36,3,4,1.0
1.0,1,0,37,7409,36,1,3,1.0
1.0,0,0,54,717,24,6,4,1.0
1.0,1,0,39,2212,20,4,4,1.0
1.0,1,0,44,1553,18,4,4,1.0
0.0,0,1,38,12976,18,10,3,3.0
1.0,1,0,26,1934,12,3,2,1.0
0.0,0,0,23,4281,33,4,1,1.0
1.0,1,0,43,2625,16,6,2,2.0
0.0,0,0,39,666,6,6,3,1.0
0.0,0,0,23,3488,24,10,3,1.0
1.0,0,1,28,5234,30,6,4,1.0
0.0,0,0,28,1382,6,3,1,1.0
0.0,0,0,28,3349,36,4,4,1.0
1.0,1,0,47,1213,15,3,4,1.0
0.0,0,0,23,836,12,6,4,1.0
1.0,1,0,21,1289,12,4,4,1.0
0.0,0,0,22,1258,12,4,2,2.0
1.0,1,0,39,2522,30,3,1,1.0
1.0,0,0,26,1076,12,1,2,1.0
0.0,0,0,45,3835,36,3,2,1.0
1.0,1,0,32,1505,18,3,4,3.0
0.0,0,0,23,2406,30,4,4,2.0
1.0,0,0,61,1512,15,8,3,1.0
1.0,1,0,53,7865,12,4,4,3.0
1.0,0,1,40,3590,18,1,3,1.0
1.0,1,0,30,3349,24,4,4,3.0
1.0,1,0,51,7511,18,10,1,3.0
1.0,1,0,42,5493,36,10,2,3.0
1.0,1,0,34,1950,18,1,4,1.0
0.0,0,0,36,2247,12,6,2,1.0
0.0,0,0,26,2764,33,1,2,1.0
1.0,1,0,30,1919,30,3,4,1.0
1.0,1,0,20,1313,9,4,1,1.0
1.0,1,0,35,6948,36,10,2,2.0
0.0,0,0,20,1282,12,4,2,2.0
1.0,1,0,60,2032,24,6,4,3.0
1.0,1,0,39,1884,12,6,4,1.0
0.0,0,0,57,3622,30,4,4,2.0
1.0,1,0,47,958,12,6,2,1.0
1.0,1,0,38,5711,36,10,4,1.0
1.0,1,0,31,3621,24,3,2,1.0
1.0,1,0,23,4110,24,4,3,2.0
0.0,0,0,27,2930,12,3,2,1.0
0.0,0,0,23,1498,12,3,4,1.0
1.0,1,0,34,2578,24,3,2,1.0
1.0,1,0,40,1358,24,7,4,1.0
1.0,1,0,32,2273,36,2,3,1.0
1.0,1,0,49,3124,12,6,1,1.0
0.0,0,0,25,2969,12,4,4,2.0
0.0,0,0,55,1424,12,4,3,1.0
1.0,1,0,35,2670,24,10,4,1.0
1.0,1,0,22,1478,9,3,4,1.0
1.0,1,1,38,3229,18,10,2,1.0
0.0,0,0,59,6416,48,1,4,2.0
1.0,1,1,50,5293,27,1,2,1.0
1.0,0,0,22,3832,30,4,2,1.0
1.0,1,0,28,5371,36,4,3,1.0
1.0,1,0,37,1344,24,6,4,1.0
1.0,1,0,36,4042,42,4,4,1.0
0.0,0,0,25,3509,18,3,4,1.0
1.0,1,0,36,2360,15,10,2,1.0
1.0,0,0,25,3213,18,3,1,2.0
1.0,1,1,47,1209,6,6,4,1.0
0.0,0,0,35,1198,6,2,4,3.0
1.0,1,0,47,1984,18,4,4,3.0
1.0,1,0,41,2503,30,1,4,1.0
1.0,1,0,25,5511,24,4,4,1.0
0.0,0,0,24,1228,12,6,4,1.0
1.0,1,0,64,3832,9,2,1,1.0
1.0,1,0,67,1169,6,3,4,1.0
1.0,1,0,38,708,12,4,2,1.0
1.0,1,0,24,6560,48,6,3,1.0
1.0,1,0,32,1552,24,3,3,1.0
1.0,1,0,26,1382,24,1,4,1.0
1.0,0,0,41,1503,12,10,4,2.0
1.0,1,0,25,5152,24,3,4,1.0
1.0,1,0,43,2899,18,6,4,1.0
0.0,0,1,34,2064,24,4,3,1.0
1.0,1,0,30,2121,12,6,4,1.0
1.0,1,1,31,2406,9,4,2,1.0
0.0,0,0,20,3186,15,6,2,2.0
1.0,0,0,34,6999,48,3,1,1.0
1.0,0,0,40,1386,15,3,4,2.0
1.0,1,0,56,618,12,3,4,1.0
1.0,1,0,46,6842,24,10,2,1.0
1.0,0,0,30,4455,36,1,2,1.0
1.0,0,0,34,11998,30,8,1,1.0
1.0,1,0,31,8947,36,10,3,1.0
0.0,0,0,25,2394,36,3,4,1.0
1.0,0,0,28,9398,36,10,1,2.0
1.0,1,0,29,6887,36,2,4,1.0
0.0,0,1,54,672,6,6,1,1.0
0.0,0,0,25,2762,12,4,1,1.0
1.0,1,0,49,5801,12,4,2,2.0
0.0,0,0,23,2288,21,4,4,1.0
1.0,1,0,34,1591,21,4,4,1.0
1.0,1,0,30,1056,18,6,3,1.0
0.0,0,0,38,1240,12,3,4,1.0
1.0,1,0,30,11054,36,10,4,1.0
1.0,1,0,36,909,36,6,4,1.0
1.0,1,0,34,2415,7,3,3,1.0
1.0,1,0,52,2223,24,3,4,1.0
1.0,0,0,29,2108,6,3,2,2.0
1.0,1,0,27,2326,15,1,2,1.0
1.0,1,0,35,1471,15,3,4,3.0
1.0,0,0,31,1935,24,1,4,1.0
0.0,0,0,35,5324,15,6,1,3.0
1.0,0,0,27,709,6,6,2,1.0
1.0,1,0,33,1414,8,3,4,1.0
1.0,1,0,53,2835,24,4,3,1.0
1.0,1,0,28,1797,13,1,3,1.0
1.0,1,0,39,1037,12,1,3,1.0
0.0,0,0,41,5954,42,1,2,1.0
0.0,0,0,34,4454,36,3,4,1.0
1.0,1,0,54,3051,48,5,3,1.0
0.0,0,0,35,1291,12,3,4,1.0
1.0,1,0,30,3566,48,1,4,1.0
1.0,0,0,27,1221,6,4,1,1.0
1.0,1,0,42,1544,4,3,2,1.0
1.0,0,0,26,625,12,3,4,1.0
1.0,1,0,30,2002,12,6,3,2.0
0.0,0,0,27,3123,24,6,4,1.0
1.0,1,0,27,2708,15,4,2,1.0
1.0,1,0,37,3565,12,2,2,1.0
1.0,1,1,66,1480,12,6,2,3.0
1.0,1,0,31,1360,15,3,4,1.0
1.0,0,0,26,1158,12,3,3,1.0
1.0,1,0,29,1103,12,3,4,1.0
0.0,0,0,30,7721,24,4,1,1.0
1.0,0,0,47,1217,18,5,4,1.0
1.0,1,1,52,6468,12,3,2,1.0
1.0,0,0,22,2039,24,3,1,1.0
1.0,1,0,29,2629,20,7,2,1.0
1.0,1,0,39,1271,15,3,3,3.0
1.0,1,0,38,804,12,3,4,1.0
1.0,0,0,26,2069,10,4,2,1.0
1.0,1,0,32,7238,48,3,3,1.0
0.0,0,0,45,3049,18,4,1,1.0
0.0,0,0,28,2631,15,6,2,2.0
0.0,0,0,21,3441,30,4,2,2.0
1.0,1,0,28,2284,24,3,4,1.0
0.0,0,0,21,1049,18,4,4,2.0
1.0,1,0,28,4169,24,4,4,1.0
1.0,1,0,30,5965,27,10,1,1.0
1.0,1,1,34,6850,15,6,1,1.0
1.0,1,0,40,1361,6,6,2,1.0
0.0,0,0,28,1817,18,4,4,1.0
1.0,1,0,60,1940,24,6,4,1.0
1.0,1,0,32,1231,10,6,3,1.0
0.0,0,0,24,1554,6,3,1,2.0
1.0,1,0,32,629,18,3,4,1.0
1.0,0,0,33,1478,15,3,4,1.0
1.0,1,0,29,11816,45,1,2,2.0
1.0,1,0,43,1203,6,6,3,1.0
1.0,1,0,35,2576,7,3,2,1.0
0.0,0,0,44,12579,24,10,4,3.0
1.0,1,0,63,7596,30,10,1,1.0
0.0,0,0,30,960,15,4,3,1.0
1.0,1,0,41,3979,48,3,4,1.0
1.0,0,0,33,2058,24,8,4,1.0
0.0,0,0,22,3650,18,4,1,2.0
0.0,0,0,58,1755,24,7,4,1.0
1.0,1,0,50,1537,15,3,4,1.0
0.0,0,0,34,1493,12,3,4,1.0
1.0,1,1,36,12169,48,6,4,3.0
0.0,0,0,35,10722,47,6,1,1.0
1.0,1,0,61,1239,18,2,4,3.0
1.0,1,0,46,727,10,2,4,3.0
1.0,1,0,36,3905,11,6,2,2.0
0.0,0,0,32,4611,6,4,1,1.0
0.0,0,0,22,1567,12,3,1,1.0
1.0,1,0,40,1647,21,6,4,1.0
1.0,1,0,42,3446,36,4,4,1.0
1.0,0,0,48,9277,24,10,2,3.0
1.0,1,0,48,12204,48,1,2,1.0
1.0,1,0,32,2978,24,1,4,1.0
0.0,0,1,26,5433,24,10,2,2.0
1.0,1,0,22,1514,15,8,4,1.0
1.0,1,0,42,8086,36,6,2,1.0
1.0,1,1,43,1333,24,6,4,3.0
0.0,0,0,26,1388,9,4,4,2.0
0.0,0,0,19,1980,9,4,2,2.0
1.0,0,0,42,2577,12,4,2,1.0
1.0,1,1,27,6314,24,7,4,1.0
1.0,0,0,24,2080,6,6,1,1.0
0.0,0,0,20,2039,18,4,1,2.0
0.0,0,0,24,874,15,5,4,1.0
0.0,0,0,31,1957,6,3,1,1.0
1.0,1,1,70,7308,10,6,2,3.0
1.0,1,0,26,1925,24,4,2,1.0
0.0,0,0,25,1355,24,6,3,1.0
0.0,0,0,53,795,12,2,4,1.0
1.0,1,0,47,3017,30,3,4,1.0
0.0,0,0,37,7685,48,1,2,2.0
1.0,1,1,42,2292,12,1,4,1.0
1.0,1,0,40,1977,36,2,4,1.0
0.0,0,0,25,7855,36,6,4,1.0
1.0,1,0,31,2775,18,6,2,1.0
1.0,0,0,47,2353,21,6,1,1.0
1.0,0,0,30,1820,18,6,2,1.0
1.0,0,0,26,2445,12,10,2,2.0
1.0,0,0,35,1680,12,3,3,1.0
0.0,0,0,23,8471,18,2,1,2.0
1.0,1,0,30,7966,26,10,2,1.0
1.0,1,0,35,3386,12,10,3,3.0
1.0,0,0,28,939,12,6,4,1.0
0.0,0,0,33,797,12,3,4,1.0
1.0,1,0,24,1747,24,4,4,1.0
1.0,1,0,28,1108,12,8,4,1.0
0.0,0,0,23,2101,13,3,2,1.0
1.0,1,1,29,6579,24,10,4,3.0
1.0,1,0,37,12749,48,3,4,1.0
1.0,1,0,42,522,12,3,4,1.0
1.0,1,0,22,2828,24,4,4,1.0
0.0,0,0,20,2718,24,6,3,2.0
0.0,0,0,48,1240,10,6,1,3.0
1.0,1,0,54,1318,12,6,4,1.0
0.0,0,0,24,4308,48,1,3,2.0
0.0,0,1,55,2578,12,4,3,3.0
1.0,0,0,26,1311,24,3,4,1.0
1.0,0,0,24,6187,30,10,1,2.0
1.0,1,0,44,6204,18,8,2,1.0
1.0,1,0,28,1068,6,3,4,1.0
0.0,0,0,20,1577,11,4,4,1.0
1.0,1,0,40,1585,24,4,4,1.0
1.0,1,0,36,1940,18,3,3,3.0
1.0,1,0,36,4241,24,1,1,1.0
1.0,1,0,74,1299,6,6,1,1.0
1.0,0,0,41,1469,24,6,4,2.0
1.0,1,0,29,2743,28,3,4,1.0
1.0,1,0,31,1963,12,3,4,2.0
0.0,0,0,30,5096,48,4,2,1.0
1.0,1,0,33,2579,12,6,4,1.0
0.0,0,0,40,7678,36,4,2,1.0
1.0,1,0,36,2181,30,6,4,1.0
0.0,0,0,56,1538,6,2,1,1.0
1.0,1,0,52,338,6,3,4,1.0
1.0,1,0,32,11760,39,2,2,2.0
0.0,0,0,25,4736,24,4,2,1.0
1.0,0,0,51,2892,24,4,3,3.0
1.0,0,0,30,1740,6,3,2,2.0
1.0,1,0,31,9857,36,1,1,1.0
1.0,1,0,26,1330,12,6,4,1.0
1.0,1,0,49,3656,30,3,4,1.0
0.0,0,0,23,976,18,6,1,1.0
1.0,0,0,29,2149,12,3,4,3.0
1.0,1,0,42,7763,48,6,4,3.0
1.0,0,0,44,3384,6,4,1,2.0
0.0,0,0,32,1282,24,3,4,1.0
0.0,0,0,36,1028,18,6,4,1.0
1.0,1,0,31,1393,24,6,2,1.0
1.0,1,0,30,707,12,3,4,1.0
1.0,1,0,65,571,21,6,4,1.0
1.0,1,0,26,8229,36,10,2,1.0
1.0,1,0,48,2241,10,6,1,2.0
1.0,1,0,49,2331,12,3,1,1.0
1.0,1,0,34,3496,30,4,4,1.0
1.0,0,0,28,2169,18,1,4,1.0
0.0,0,0,24,5743,24,2,2,3.0
1.0,1,0,29,11328,24,7,2,1.0
1.0,1,0,45,1750,6,3,2,1.0
0.0,0,0,42,5084,24,3,2,1.0
1.0,0,0,21,902,12,9,4,2.0
0.0,0,0,28,3660,24,3,2,1.0
1.0,1,0,20,3617,24,4,4,2.0
1.0,1,0,27,3552,24,4,3,1.0
1.0,1,0,37,1819,36,2,4,3.0
1.0,0,0,38,3914,48,1,4,1.0
1.0,0,0,37,3878,24,6,4,1.0
1.0,1,0,47,3422,18,4,4,1.0
1.0,1,0,25,2136,9,4,3,1.0
0.0,0,0,29,7758,24,10,2,2.0
1.0,1,0,66,1526,12,10,4,3.0
1.0,1,0,33,6403,24,3,1,1.0
0.0,0,0,34,1842,36,6,4,1.0
1.0,0,0,20,674,12,3,4,1.0
0.0,0,0,37,1402,12,4,3,2.0
1.0,1,1,23,14555,6,6,1,1.0
0.0,0,0,62,3757,24,6,4,3.0
0.0,0,0,27,2132,10,4,2,2.0
1.0,1,0,42,1455,4,6,2,1.0
1.0,1,0,26,2687,15,1,2,2.0
1.0,0,0,30,1602,21,6,4,1.0
0.0,0,0,42,1965,24,6,4,2.0
1.0,0,0,40,701,12,3,4,1.0
0.0,0,0,30,7174,42,3,4,1.0
1.0,1,1,36,1238,6,9,4,1.0
1.0,1,0,44,4716,6,6,1,1.0
0.0,0,0,31,9566,36,3,2,1.0
1.0,1,0,32,4526,27,4,4,1.0
0.0,0,0,25,2991,30,3,2,1.0
0.0,0,0,40,3001,18,4,2,2.0
1.0,0,0,45,8978,14,6,1,1.0
1.0,1,0,39,2299,36,3,4,1.0
1.0,1,0,32,1136,9,2,4,3.0
0.0,0,0,34,1501,9,2,2,1.0
1.0,1,1,27,4576,45,10,3,1.0
0.0,0,0,25,2327,15,3,2,1.0
0.0,0,0,23,11560,24,10,1,2.0
0.0,0,0,57,2748,12,2,2,3.0
1.0,1,0,41,719,12,2,4,1.0
0.0,0,0,26,4530,30,3,4,2.0
1.0,1,0,44,10127,48,6,2,3.0
0.0,0,0,26,3599,21,4,1,2.0
1.0,1,0,23,2520,27,3,4,1.0
1.0,1,0,46,1582,18,3,4,1.0
0.0,0,0,27,1924,18,4,4,2.0
1.0,1,0,40,2675,22,3,3,1.0
1.0,1,0,29,2333,24,4,4,1.0
1.0,1,0,28,6199,12,3,4,2.0
1.0,1,0,39,10297,48,10,4,3.0
1.0,1,0,27,3416,27,3,3,1.0
1.0,0,0,22,3092,24,3,3,2.0
0.0,0,0,43,1516,24,3,4,1.0
1.0,1,0,35,1979,15,3,4,1.0
1.0,0,1,28,4249,30,6,4,1.0
1.0,1,0,31,3430,24,3,3,1.0
0.0,0,0,26,1778,15,6,2,2.0
0.0,0,0,39,1188,21,1,2,1.0
1.0,1,1,55,9283,42,10,1,3.0
1.0,0,0,27,1053,15,3,4,1.0
0.0,0,0,37,3612,18,4,3,1.0
1.0,1,0,27,3652,21,1,2,1.0
1.0,1,0,37,1225,10,5,2,1.0
0.0,0,1,53,7485,30,10,4,1.0
1.0,1,0,25,1258,24,1,4,1.0
1.0,1,0,47,8335,36,10,3,3.0
0.0,0,0,27,3609,48,1,1,1.0
1.0,1,0,55,1555,12,8,4,3.0
0.0,0,0,29,3959,15,6,3,1.0
1.0,1,0,36,6967,24,1,4,2.0
1.0,1,1,31,7582,48,7,2,3.0
0.0,0,0,34,1837,24,2,4,3.0
0.0,0,0,31,6758,48,3,3,1.0
1.0,1,0,22,2483,24,4,4,1.0
